{
  "timestamp": "2026-06-15T14:49:45.173795",
  "dataset_size": 590540,
  "fraud_count": 20663,
  "fraud_rate": 0.03499000914417313,
  "precision": 0.7492656875834446,
  "recall": 0.27159657358563616,
  "f1_score": 0.39867864881184956,
  "roc_auc": 0.974974298746892,
  "confusion_matrix": {
    "true_negatives": 567999,
    "false_positives": 1878,
    "false_negatives": 15051,
    "true_positives": 5612
  },
  "model_weights": {
    "isolation_forest": 0.35,
    "logistic_regression": 0.3,
    "random_forest": 0.35
  }
}
